Time(s),Ch1(V),Ch2(A)
-1.015999999999999959e-01,-2.525841999999999921e+00,-2.969570999999999739e+00
-1.013999999999999901e-01,-2.559974999999999667e+00,-3.037836999999999676e+00
-1.011999999999999983e-01,-2.525841999999999921e+00,-3.003703999999999930e+00
-1.009999999999999926e-01,-2.423442999999999792e+00,-2.867171999999999610e+00
-1.008000000000000007e-01,-2.423442999999999792e+00,-2.867171999999999610e+00
-1.005999999999999950e-01,-2.321043999999999663e+00,-2.764772999999999925e+00
-1.003999999999999893e-01,-2.321043999999999663e+00,-2.730639999999999734e+00
-1.001999999999999974e-01,-2.184511999999999787e+00,-2.662373999999999796e+00
-9.999999999999999167e-02,-2.218644999999999978e+00,-2.628240999999999605e+00
-9.979999999999999982e-02,-2.082112999999999658e+00,-2.525841999999999921e+00
-9.959999999999999409e-02,-2.082112999999999658e+00,-2.525841999999999921e+00
-9.940000000000000224e-02,-1.979713999999999752e+00,-2.423442999999999792e+00
-9.919999999999999651e-02,-1.979713999999999752e+00,-2.423442999999999792e+00
-9.899999999999999079e-02,-1.877314999999999845e+00,-2.321043999999999663e+00
-9.879999999999999893e-02,-1.877314999999999845e+00,-2.286910999999999916e+00
-9.859999999999999321e-02,-1.774915999999999716e+00,-2.184511999999999787e+00
-9.840000000000000135e-02,-1.774915999999999716e+00,-2.184511999999999787e+00
-9.819999999999999563e-02,-1.740782999999999747e+00,-2.082112999999999658e+00
-9.799999999999998990e-02,-1.740782999999999747e+00,-2.082112999999999658e+00
-9.779999999999999805e-02,-1.638383999999999840e+00,-1.979713999999999752e+00
-9.759999999999999232e-02,-1.638383999999999840e+00,-1.979713999999999752e+00
-9.740000000000000047e-02,-1.535984999999999934e+00,-1.877314999999999845e+00
-9.719999999999999474e-02,-1.501851999999999965e+00,-1.877314999999999845e+00
-9.700000000000000289e-02,-1.399452999999999836e+00,-1.774915999999999716e+00
-9.679999999999999716e-02,-1.433585999999999805e+00,-1.740782999999999747e+00
-9.659999999999999143e-02,-1.297053999999999929e+00,-1.672516999999999809e+00
-9.639999999999999958e-02,-1.297053999999999929e+00,-1.638383999999999840e+00
-9.619999999999999385e-02,-1.194654999999999800e+00,-1.535984999999999934e+00
-9.600000000000000200e-02,-1.194654999999999800e+00,-1.535984999999999934e+00
-9.579999999999999627e-02,-1.092255999999999894e+00,-1.433585999999999805e+00
-9.559999999999999054e-02,-1.092255999999999894e+00,-1.433585999999999805e+00
-9.539999999999999869e-02,-9.557239999999999069e-01,-1.331186999999999898e+00
-9.519999999999999296e-02,-9.557239999999999069e-01,-1.331186999999999898e+00
-9.500000000000000111e-02,-8.533249999999998892e-01,-1.228787999999999769e+00
-9.479999999999999538e-02,-8.533249999999998892e-01,-1.228787999999999769e+00
-9.459999999999998965e-02,-8.191919999999999202e-01,-1.126388999999999863e+00
-9.439999999999999780e-02,-8.533249999999998892e-01,-1.126388999999999863e+00
-9.419999999999999207e-02,-8.191919999999999202e-01,-1.023989999999999956e+00
-9.400000000000000022e-02,-8.533249999999998892e-01,-1.058122999999999925e+00
-9.379999999999999449e-02,-8.191919999999999202e-01,-9.215909999999999380e-01
-9.359999999999998876e-02,-8.191919999999999202e-01,-9.215909999999999380e-01
-9.339999999999999691e-02,-6.826599999999999335e-01,-8.191919999999999202e-01
-9.319999999999999118e-02,-7.167929999999999024e-01,-8.191919999999999202e-01
-9.299999999999999933e-02,-5.802609999999999157e-01,-7.167929999999999024e-01
-9.279999999999999361e-02,-5.802609999999999157e-01,-7.167929999999999024e-01
-9.259999999999998788e-02,-4.778619999999999535e-01,-6.143939999999998847e-01
-9.239999999999999603e-02,-4.778619999999999535e-01,-6.143939999999998847e-01
-9.219999999999999030e-02,-3.754629999999999912e-01,-5.119949999999999779e-01
-9.199999999999999845e-02,-3.413299999999999668e-01,-5.119949999999999779e-01
-9.179999999999999272e-02,-2.389309999999999767e-01,-4.095959999999999601e-01
-9.160000000000000087e-02,-2.389309999999999767e-01,-4.095959999999999601e-01
-9.139999999999999514e-02,-1.365319999999999867e-01,-3.071969999999999423e-01
-9.119999999999998941e-02,-1.365319999999999867e-01,-3.071969999999999423e-01
-9.099999999999999756e-02,-3.413299999999999668e-02,-2.047979999999999801e-01
-9.079999999999999183e-02,-3.413299999999999668e-02,-2.047979999999999801e-01
-9.059999999999999998e-02,6.826599999999999335e-02,-1.023989999999999900e-01
-9.039999999999999425e-02,3.413299999999999668e-02,-1.023989999999999900e-01
-9.020000000000000240e-02,6.826599999999999335e-02,0.000000000000000000e+00
-8.999999999999999667e-02,6.826599999999999335e-02,0.000000000000000000e+00
-8.979999999999999094e-02,1.023989999999999900e-01,6.826599999999999335e-02
-8.959999999999999909e-02,6.826599999999999335e-02,1.023989999999999900e-01
-8.939999999999999336e-02,1.706649999999999834e-01,2.047979999999999801e-01
-8.920000000000000151e-02,1.365319999999999867e-01,2.047979999999999801e-01
-8.899999999999999578e-02,2.730639999999999734e-01,3.071969999999999423e-01
-8.879999999999999005e-02,2.730639999999999734e-01,3.071969999999999423e-01
-8.859999999999999820e-02,3.754629999999999912e-01,4.095959999999999601e-01
-8.839999999999999247e-02,3.754629999999999912e-01,4.095959999999999601e-01
-8.820000000000000062e-02,4.778619999999999535e-01,5.119949999999999779e-01
-8.799999999999999489e-02,5.119949999999999779e-01,5.119949999999999779e-01
-8.779999999999998916e-02,6.143939999999998847e-01,6.143939999999998847e-01
-8.759999999999999731e-02,5.802609999999999157e-01,5.802609999999999157e-01
-8.739999999999999158e-02,7.167929999999999024e-01,6.826599999999999335e-01
-8.719999999999999973e-02,7.167929999999999024e-01,7.167929999999999024e-01
-8.699999999999999400e-02,8.191919999999999202e-01,8.191919999999999202e-01
-8.679999999999998828e-02,8.191919999999999202e-01,8.191919999999999202e-01
-8.659999999999999643e-02,9.215909999999999380e-01,9.215909999999999380e-01
-8.639999999999999070e-02,9.215909999999999380e-01,9.215909999999999380e-01
-8.619999999999999885e-02,9.557239999999999069e-01,9.898569999999998759e-01
-8.599999999999999312e-02,9.557239999999999069e-01,9.898569999999998759e-01
-8.579999999999998739e-02,9.898569999999998759e-01,1.092255999999999894e+00
-8.559999999999999554e-02,9.557239999999999069e-01,1.126388999999999863e+00
-8.540000000000000369e-02,1.023989999999999956e+00,1.228787999999999769e+00
-8.519999999999999796e-02,1.023989999999999956e+00,1.194654999999999800e+00
-8.499999999999999223e-02,1.126388999999999863e+00,1.331186999999999898e+00
-8.479999999999998650e-02,1.092255999999999894e+00,1.331186999999999898e+00
-8.459999999999999465e-02,1.194654999999999800e+00,1.433585999999999805e+00
-8.440000000000000280e-02,1.194654999999999800e+00,1.433585999999999805e+00
-8.419999999999999707e-02,1.297053999999999929e+00,1.501851999999999965e+00
-8.399999999999999134e-02,1.297053999999999929e+00,1.501851999999999965e+00
-8.379999999999999949e-02,1.433585999999999805e+00,1.638383999999999840e+00
-8.359999999999999376e-02,1.399452999999999836e+00,1.604250999999999872e+00
-8.340000000000000191e-02,1.535984999999999934e+00,1.706649999999999778e+00
-8.319999999999999618e-02,1.501851999999999965e+00,1.740782999999999747e+00
-8.299999999999999045e-02,1.638383999999999840e+00,1.809048999999999907e+00
-8.279999999999999860e-02,1.638383999999999840e+00,1.843181999999999876e+00
-8.259999999999999287e-02,1.740782999999999747e+00,1.911447999999999814e+00
-8.240000000000000102e-02,1.740782999999999747e+00,1.911447999999999814e+00
-8.219999999999999529e-02,1.843181999999999876e+00,2.013846999999999721e+00
-8.199999999999998956e-02,1.843181999999999876e+00,2.013846999999999721e+00
-8.179999999999999771e-02,1.911447999999999814e+00,2.116245999999999849e+00
-8.159999999999999198e-02,1.877314999999999845e+00,2.150378999999999596e+00
-8.140000000000000013e-02,1.945580999999999783e+00,2.218644999999999978e+00
-8.119999999999999440e-02,1.979713999999999752e+00,2.218644999999999978e+00
-8.099999999999998868e-02,2.047979999999999912e+00,2.321043999999999663e+00
-8.079999999999999682e-02,2.047979999999999912e+00,2.355176999999999854e+00
-8.059999999999999110e-02,2.150378999999999596e+00,2.423442999999999792e+00
-8.039999999999999925e-02,2.150378999999999596e+00,2.423442999999999792e+00
-8.019999999999999352e-02,2.252777999999999725e+00,2.525841999999999921e+00
-7.999999999999998779e-02,2.252777999999999725e+00,2.525841999999999921e+00
-7.979999999999999594e-02,2.355176999999999854e+00,2.628240999999999605e+00
-7.959999999999999021e-02,2.355176999999999854e+00,2.628240999999999605e+00
-7.939999999999999836e-02,2.457575999999999539e+00,2.730639999999999734e+00
-7.919999999999999263e-02,2.457575999999999539e+00,2.730639999999999734e+00
-7.899999999999998690e-02,2.525841999999999921e+00,2.833038999999999863e+00
-7.879999999999999505e-02,2.525841999999999921e+00,2.833038999999999863e+00
-7.860000000000000320e-02,2.594107999999999858e+00,2.901304999999999801e+00
-7.839999999999999747e-02,2.525841999999999921e+00,2.833038999999999863e+00
-7.819999999999999174e-02,2.423442999999999792e+00,2.696506999999999543e+00
-7.799999999999999989e-02,2.423442999999999792e+00,2.696506999999999543e+00
-7.779999999999999416e-02,2.321043999999999663e+00,2.594107999999999858e+00
-7.760000000000000231e-02,2.321043999999999663e+00,2.594107999999999858e+00
-7.739999999999999658e-02,2.184511999999999787e+00,2.491708999999999730e+00
-7.719999999999999085e-02,2.218644999999999978e+00,2.491708999999999730e+00
-7.699999999999999900e-02,2.082112999999999658e+00,2.355176999999999854e+00
-7.679999999999999327e-02,2.082112999999999658e+00,2.355176999999999854e+00
-7.660000000000000142e-02,1.979713999999999752e+00,2.252777999999999725e+00
-7.639999999999999569e-02,1.979713999999999752e+00,2.252777999999999725e+00
-7.619999999999998996e-02,1.877314999999999845e+00,2.116245999999999849e+00
-7.599999999999999811e-02,1.911447999999999814e+00,2.150378999999999596e+00
-7.579999999999999238e-02,1.843181999999999876e+00,2.013846999999999721e+00
-7.560000000000000053e-02,1.843181999999999876e+00,2.013846999999999721e+00
-7.539999999999999480e-02,1.706649999999999778e+00,1.911447999999999814e+00
-7.519999999999998908e-02,1.740782999999999747e+00,1.911447999999999814e+00
-7.499999999999999722e-02,1.604250999999999872e+00,1.809048999999999907e+00
-7.479999999999999150e-02,1.604250999999999872e+00,1.809048999999999907e+00
-7.459999999999999964e-02,1.501851999999999965e+00,1.706649999999999778e+00
-7.439999999999999392e-02,1.501851999999999965e+00,1.672516999999999809e+00
-7.419999999999998819e-02,1.399452999999999836e+00,1.570117999999999903e+00
-7.399999999999999634e-02,1.365319999999999867e+00,1.570117999999999903e+00
-7.379999999999999061e-02,1.262920999999999960e+00,1.467718999999999774e+00
-7.359999999999999876e-02,1.262920999999999960e+00,1.467718999999999774e+00
-7.339999999999999303e-02,1.160521999999999831e+00,1.365319999999999867e+00
-7.319999999999998730e-02,1.160521999999999831e+00,1.365319999999999867e+00
-7.299999999999999545e-02,1.058122999999999925e+00,1.262920999999999960e+00
-7.279999999999998972e-02,1.058122999999999925e+00,1.262920999999999960e+00
-7.259999999999999787e-02,9.898569999999998759e-01,1.160521999999999831e+00
-7.239999999999999214e-02,9.898569999999998759e-01,1.160521999999999831e+00
-7.219999999999998641e-02,9.557239999999999069e-01,1.058122999999999925e+00
-7.199999999999999456e-02,9.898569999999998759e-01,1.023989999999999956e+00
-7.180000000000000271e-02,9.557239999999999069e-01,9.557239999999999069e-01
-7.159999999999999698e-02,9.557239999999999069e-01,9.215909999999999380e-01
-7.139999999999999125e-02,8.533249999999998892e-01,8.533249999999998892e-01
-7.119999999999999940e-02,8.533249999999998892e-01,8.533249999999998892e-01
-7.099999999999999367e-02,7.509259999999999824e-01,7.509259999999999824e-01
-7.080000000000000182e-02,7.509259999999999824e-01,7.167929999999999024e-01
-7.059999999999999609e-02,6.485269999999999646e-01,6.143939999999998847e-01
-7.039999999999999036e-02,6.485269999999999646e-01,6.143939999999998847e-01
-7.019999999999998463e-02,5.119949999999999779e-01,5.119949999999999779e-01
-6.999999999999999278e-02,5.119949999999999779e-01,5.119949999999999779e-01
-6.980000000000000093e-02,4.095959999999999601e-01,4.095959999999999601e-01
-6.959999999999999520e-02,4.095959999999999601e-01,4.095959999999999601e-01
-6.939999999999998948e-02,2.730639999999999734e-01,3.071969999999999423e-01
-6.919999999999999762e-02,2.730639999999999734e-01,3.071969999999999423e-01
-6.899999999999999190e-02,1.706649999999999834e-01,2.047979999999999801e-01
-6.880000000000000004e-02,1.706649999999999834e-01,2.047979999999999801e-01
-6.859999999999999432e-02,6.826599999999999335e-02,1.023989999999999900e-01
-6.839999999999998859e-02,1.023989999999999900e-01,1.023989999999999900e-01
-6.819999999999999674e-02,6.826599999999999335e-02,0.000000000000000000e+00
-6.799999999999999101e-02,6.826599999999999335e-02,0.000000000000000000e+00
-6.779999999999999916e-02,3.413299999999999668e-02,-6.826599999999999335e-02
-6.759999999999999343e-02,3.413299999999999668e-02,-1.023989999999999900e-01
-6.739999999999998770e-02,-3.413299999999999668e-02,-2.047979999999999801e-01
-6.719999999999999585e-02,-3.413299999999999668e-02,-2.047979999999999801e-01
-6.700000000000000400e-02,-1.023989999999999900e-01,-3.071969999999999423e-01
-6.679999999999999827e-02,-1.023989999999999900e-01,-3.071969999999999423e-01
-6.659999999999999254e-02,-2.389309999999999767e-01,-4.095959999999999601e-01
-6.639999999999998681e-02,-2.389309999999999767e-01,-4.095959999999999601e-01
-6.619999999999999496e-02,-3.413299999999999668e-01,-5.119949999999999779e-01
-6.600000000000000311e-02,-3.413299999999999668e-01,-5.119949999999999779e-01
-6.579999999999999738e-02,-4.778619999999999535e-01,-6.143939999999998847e-01
-6.559999999999999165e-02,-4.778619999999999535e-01,-6.143939999999998847e-01
-6.539999999999998592e-02,-5.802609999999999157e-01,-7.167929999999999024e-01
-6.519999999999999407e-02,-5.461279999999999468e-01,-7.167929999999999024e-01
-6.500000000000000222e-02,-6.826599999999999335e-01,-8.191919999999999202e-01
-6.479999999999999649e-02,-6.826599999999999335e-01,-7.850589999999999513e-01
-6.459999999999999076e-02,-7.850589999999999513e-01,-9.215909999999999380e-01
-6.439999999999998503e-02,-7.850589999999999513e-01,-9.215909999999999380e-01
-6.419999999999999318e-02,-8.533249999999998892e-01,-9.898569999999998759e-01
-6.400000000000000133e-02,-8.191919999999999202e-01,-1.023989999999999956e+00
-6.379999999999999560e-02,-8.533249999999998892e-01,-1.126388999999999863e+00
-6.359999999999998987e-02,-8.191919999999999202e-01,-1.126388999999999863e+00
-6.339999999999998415e-02,-8.533249999999998892e-01,-1.228787999999999769e+00
-6.319999999999999230e-02,-8.533249999999998892e-01,-1.228787999999999769e+00
-6.300000000000000044e-02,-9.215909999999999380e-01,-1.297053999999999929e+00
-6.279999999999999472e-02,-9.557239999999999069e-01,-1.297053999999999929e+00
-6.259999999999998899e-02,-1.058122999999999925e+00,-1.399452999999999836e+00
-6.239999999999999714e-02,-1.058122999999999925e+00,-1.399452999999999836e+00
-6.219999999999999141e-02,-1.160521999999999831e+00,-1.501851999999999965e+00
-6.199999999999999262e-02,-1.160521999999999831e+00,-1.535984999999999934e+00
-6.179999999999999383e-02,-1.262920999999999960e+00,-1.604250999999999872e+00
-6.159999999999999504e-02,-1.262920999999999960e+00,-1.638383999999999840e+00
-6.139999999999999625e-02,-1.365319999999999867e+00,-1.740782999999999747e+00
-6.119999999999999052e-02,-1.365319999999999867e+00,-1.706649999999999778e+00
-6.099999999999999173e-02,-1.467718999999999774e+00,-1.809048999999999907e+00
-6.079999999999999294e-02,-1.467718999999999774e+00,-1.809048999999999907e+00
-6.059999999999999415e-02,-1.604250999999999872e+00,-1.911447999999999814e+00
-6.039999999999999536e-02,-1.570117999999999903e+00,-1.911447999999999814e+00
-6.019999999999999657e-02,-1.672516999999999809e+00,-2.047979999999999912e+00
-5.999999999999999084e-02,-1.672516999999999809e+00,-2.013846999999999721e+00
-5.979999999999999205e-02,-1.774915999999999716e+00,-2.116245999999999849e+00
-5.959999999999999326e-02,-1.740782999999999747e+00,-2.116245999999999849e+00
-5.939999999999999447e-02,-1.809048999999999907e+00,-2.218644999999999978e+00
-5.919999999999999568e-02,-1.809048999999999907e+00,-2.218644999999999978e+00
-5.899999999999999689e-02,-1.911447999999999814e+00,-2.321043999999999663e+00
-5.879999999999999116e-02,-1.877314999999999845e+00,-2.321043999999999663e+00
-5.859999999999999237e-02,-1.979713999999999752e+00,-2.423442999999999792e+00
-5.839999999999999358e-02,-1.979713999999999752e+00,-2.423442999999999792e+00
-5.819999999999999479e-02,-2.082112999999999658e+00,-2.525841999999999921e+00
-5.799999999999999600e-02,-2.082112999999999658e+00,-2.525841999999999921e+00
-5.779999999999999721e-02,-2.184511999999999787e+00,-2.628240999999999605e+00
-5.759999999999999148e-02,-2.184511999999999787e+00,-2.628240999999999605e+00
-5.739999999999999269e-02,-2.286910999999999916e+00,-2.730639999999999734e+00
-5.719999999999999390e-02,-2.286910999999999916e+00,-2.730639999999999734e+00
-5.699999999999999512e-02,-2.389309999999999601e+00,-2.833038999999999863e+00
-5.679999999999999633e-02,-2.389309999999999601e+00,-2.833038999999999863e+00
-5.659999999999999060e-02,-2.457575999999999539e+00,-2.935437999999999548e+00
-5.639999999999999181e-02,-2.457575999999999539e+00,-2.935437999999999548e+00
-5.619999999999999302e-02,-2.559974999999999667e+00,-3.037836999999999676e+00
-5.599999999999999423e-02,-2.559974999999999667e+00,-3.037836999999999676e+00
-5.579999999999999544e-02,-2.457575999999999539e+00,-2.901304999999999801e+00
-5.559999999999999665e-02,-2.457575999999999539e+00,-2.901304999999999801e+00
-5.539999999999999092e-02,-2.355176999999999854e+00,-2.798905999999999672e+00
-5.519999999999999213e-02,-2.355176999999999854e+00,-2.798905999999999672e+00
-5.499999999999999334e-02,-2.252777999999999725e+00,-2.696506999999999543e+00
-5.479999999999999455e-02,-2.252777999999999725e+00,-2.696506999999999543e+00
-5.459999999999999576e-02,-2.150378999999999596e+00,-2.559974999999999667e+00
-5.439999999999999697e-02,-2.150378999999999596e+00,-2.559974999999999667e+00
-5.419999999999999124e-02,-2.013846999999999721e+00,-2.457575999999999539e+00
-5.399999999999999245e-02,-2.013846999999999721e+00,-2.457575999999999539e+00
-5.379999999999999366e-02,-1.911447999999999814e+00,-2.355176999999999854e+00
-5.359999999999999487e-02,-1.911447999999999814e+00,-2.355176999999999854e+00
-5.339999999999999608e-02,-1.809048999999999907e+00,-2.218644999999999978e+00
-5.319999999999999035e-02,-1.809048999999999907e+00,-2.218644999999999978e+00
-5.299999999999999156e-02,-1.740782999999999747e+00,-2.116245999999999849e+00
-5.279999999999999277e-02,-1.740782999999999747e+00,-2.116245999999999849e+00
-5.259999999999999398e-02,-1.672516999999999809e+00,-2.013846999999999721e+00
-5.239999999999999519e-02,-1.672516999999999809e+00,-2.013846999999999721e+00
-5.219999999999999640e-02,-1.570117999999999903e+00,-1.911447999999999814e+00
-5.199999999999999067e-02,-1.570117999999999903e+00,-1.911447999999999814e+00
-5.179999999999999188e-02,-1.467718999999999774e+00,-1.809048999999999907e+00
-5.159999999999999309e-02,-1.467718999999999774e+00,-1.809048999999999907e+00
-5.139999999999999430e-02,-1.331186999999999898e+00,-1.706649999999999778e+00
-5.119999999999999551e-02,-1.365319999999999867e+00,-1.706649999999999778e+00
-5.099999999999999672e-02,-1.228787999999999769e+00,-1.570117999999999903e+00
-5.079999999999999100e-02,-1.228787999999999769e+00,-1.570117999999999903e+00
-5.059999999999999221e-02,-1.126388999999999863e+00,-1.467718999999999774e+00
-5.039999999999999342e-02,-1.126388999999999863e+00,-1.467718999999999774e+00
-5.019999999999999463e-02,-1.023989999999999956e+00,-1.399452999999999836e+00
-4.999999999999999584e-02,-1.023989999999999956e+00,-1.365319999999999867e+00
-4.979999999999999011e-02,-8.874579999999998581e-01,-1.262920999999999960e+00
-4.959999999999999132e-02,-8.874579999999998581e-01,-1.297053999999999929e+00
-4.939999999999999253e-02,-8.533249999999998892e-01,-1.194654999999999800e+00
-4.919999999999999374e-02,-8.191919999999999202e-01,-1.160521999999999831e+00
-4.899999999999999495e-02,-8.533249999999998892e-01,-1.058122999999999925e+00
-4.879999999999999616e-02,-8.533249999999998892e-01,-1.058122999999999925e+00
-4.859999999999999043e-02,-8.191919999999999202e-01,-9.557239999999999069e-01
-4.839999999999999164e-02,-8.191919999999999202e-01,-9.557239999999999069e-01
-4.819999999999999285e-02,-7.509259999999999824e-01,-8.533249999999998892e-01
-4.799999999999999406e-02,-7.509259999999999824e-01,-8.533249999999998892e-01
-4.779999999999999527e-02,-6.485269999999999646e-01,-7.509259999999999824e-01
-4.759999999999999648e-02,-6.143939999999998847e-01,-7.509259999999999824e-01
-4.739999999999999075e-02,-5.461279999999999468e-01,-6.485269999999999646e-01
-4.719999999999999196e-02,-5.119949999999999779e-01,-6.485269999999999646e-01
-4.699999999999999317e-02,-4.095959999999999601e-01,-5.461279999999999468e-01
-4.679999999999999438e-02,-4.095959999999999601e-01,-5.461279999999999468e-01
-4.659999999999999559e-02,-2.730639999999999734e-01,-4.437289999999999290e-01
-4.639999999999998986e-02,-2.730639999999999734e-01,-4.437289999999999290e-01
-4.619999999999999107e-02,-1.706649999999999834e-01,-3.413299999999999668e-01
-4.599999999999999228e-02,-1.706649999999999834e-01,-3.413299999999999668e-01
-4.579999999999999349e-02,-6.826599999999999335e-02,-2.389309999999999767e-01
-4.559999999999999470e-02,-6.826599999999999335e-02,-2.389309999999999767e-01
-4.539999999999999591e-02,3.413299999999999668e-02,-1.365319999999999867e-01
-4.519999999999999019e-02,3.413299999999999668e-02,-1.365319999999999867e-01
-4.499999999999999140e-02,6.826599999999999335e-02,-3.413299999999999668e-02
-4.479999999999999261e-02,6.826599999999999335e-02,-3.413299999999999668e-02
-4.459999999999999382e-02,6.826599999999999335e-02,6.826599999999999335e-02
-4.439999999999999503e-02,6.826599999999999335e-02,6.826599999999999335e-02
-4.419999999999999624e-02,1.023989999999999900e-01,1.706649999999999834e-01
-4.399999999999999051e-02,1.023989999999999900e-01,1.706649999999999834e-01
-4.379999999999999172e-02,2.047979999999999801e-01,2.730639999999999734e-01
-4.359999999999999293e-02,2.047979999999999801e-01,2.730639999999999734e-01
-4.339999999999999414e-02,3.071969999999999423e-01,3.413299999999999668e-01
-4.319999999999999535e-02,3.413299999999999668e-01,3.754629999999999912e-01
-4.299999999999998962e-02,4.437289999999999290e-01,4.778619999999999535e-01
-4.279999999999999083e-02,4.437289999999999290e-01,4.437289999999999290e-01
-4.259999999999999204e-02,5.461279999999999468e-01,5.802609999999999157e-01
-4.239999999999999325e-02,5.802609999999999157e-01,5.802609999999999157e-01
-4.219999999999999446e-02,6.826599999999999335e-01,6.826599999999999335e-01
-4.199999999999999567e-02,6.826599999999999335e-01,6.826599999999999335e-01
-4.179999999999998994e-02,7.850589999999999513e-01,7.850589999999999513e-01
-4.159999999999999115e-02,7.850589999999999513e-01,7.850589999999999513e-01
-4.139999999999999236e-02,8.874579999999998581e-01,8.533249999999998892e-01
-4.119999999999999357e-02,8.874579999999998581e-01,8.533249999999998892e-01
-4.099999999999999478e-02,9.557239999999999069e-01,9.557239999999999069e-01
-4.079999999999999599e-02,9.557239999999999069e-01,9.557239999999999069e-01
-4.059999999999999026e-02,9.898569999999998759e-01,1.058122999999999925e+00
-4.039999999999999147e-02,9.557239999999999069e-01,1.058122999999999925e+00
-4.019999999999999268e-02,9.898569999999998759e-01,1.194654999999999800e+00
-3.999999999999999389e-02,9.898569999999998759e-01,1.160521999999999831e+00
-3.979999999999999510e-02,1.058122999999999925e+00,1.297053999999999929e+00
-3.959999999999999631e-02,1.058122999999999925e+00,1.262920999999999960e+00
-3.939999999999999059e-02,1.160521999999999831e+00,1.365319999999999867e+00
-3.919999999999999180e-02,1.160521999999999831e+00,1.365319999999999867e+00
-3.899999999999999301e-02,1.262920999999999960e+00,1.467718999999999774e+00
-3.879999999999998728e-02,1.262920999999999960e+00,1.467718999999999774e+00
-3.859999999999999543e-02,1.365319999999999867e+00,1.570117999999999903e+00
-3.839999999999998970e-02,1.399452999999999836e+00,1.570117999999999903e+00
-3.819999999999999785e-02,1.501851999999999965e+00,1.672516999999999809e+00
-3.799999999999999212e-02,1.501851999999999965e+00,1.672516999999999809e+00
-3.779999999999998639e-02,1.604250999999999872e+00,1.774915999999999716e+00
-3.759999999999999454e-02,1.604250999999999872e+00,1.774915999999999716e+00
-3.739999999999998881e-02,1.706649999999999778e+00,1.877314999999999845e+00
-3.719999999999999696e-02,1.706649999999999778e+00,1.877314999999999845e+00
-3.699999999999999123e-02,1.809048999999999907e+00,1.979713999999999752e+00
-3.679999999999999938e-02,1.774915999999999716e+00,1.979713999999999752e+00
-3.659999999999999365e-02,1.877314999999999845e+00,2.082112999999999658e+00
-3.639999999999998792e-02,1.877314999999999845e+00,2.082112999999999658e+00
-3.619999999999999607e-02,1.911447999999999814e+00,2.184511999999999787e+00
-3.599999999999999034e-02,1.911447999999999814e+00,2.184511999999999787e+00
-3.579999999999999849e-02,2.013846999999999721e+00,2.286910999999999916e+00
-3.559999999999999276e-02,2.013846999999999721e+00,2.286910999999999916e+00
-3.539999999999998703e-02,2.116245999999999849e+00,2.389309999999999601e+00
-3.519999999999999518e-02,2.116245999999999849e+00,2.389309999999999601e+00
-3.499999999999998945e-02,2.218644999999999978e+00,2.491708999999999730e+00
-3.479999999999999760e-02,2.218644999999999978e+00,2.491708999999999730e+00
-3.459999999999999187e-02,2.321043999999999663e+00,2.594107999999999858e+00
-3.439999999999998614e-02,2.321043999999999663e+00,2.594107999999999858e+00
-3.419999999999999429e-02,2.389309999999999601e+00,2.696506999999999543e+00
-3.399999999999998856e-02,2.389309999999999601e+00,2.696506999999999543e+00
-3.379999999999999671e-02,2.491708999999999730e+00,2.798905999999999672e+00
-3.359999999999999098e-02,2.491708999999999730e+00,2.798905999999999672e+00
-3.339999999999999913e-02,2.594107999999999858e+00,2.901304999999999801e+00
-3.319999999999999341e-02,2.594107999999999858e+00,2.901304999999999801e+00
-3.299999999999998768e-02,2.491708999999999730e+00,2.764772999999999925e+00
-3.279999999999999583e-02,2.457575999999999539e+00,2.764772999999999925e+00
-3.259999999999999010e-02,2.355176999999999854e+00,2.662373999999999796e+00
-3.239999999999999825e-02,2.355176999999999854e+00,2.628240999999999605e+00
-3.219999999999999252e-02,2.252777999999999725e+00,2.525841999999999921e+00
-3.199999999999998679e-02,2.252777999999999725e+00,2.525841999999999921e+00
-3.179999999999999494e-02,2.116245999999999849e+00,2.423442999999999792e+00
-3.159999999999998921e-02,2.116245999999999849e+00,2.389309999999999601e+00
-3.139999999999999736e-02,2.013846999999999721e+00,2.286910999999999916e+00
-3.119999999999999163e-02,2.013846999999999721e+00,2.286910999999999916e+00
-3.099999999999998590e-02,1.945580999999999783e+00,2.184511999999999787e+00
-3.079999999999999405e-02,1.911447999999999814e+00,2.184511999999999787e+00
-3.059999999999998832e-02,1.877314999999999845e+00,2.047979999999999912e+00
-3.039999999999999647e-02,1.877314999999999845e+00,2.082112999999999658e+00
-3.019999999999999074e-02,1.774915999999999716e+00,1.945580999999999783e+00
-2.999999999999999889e-02,1.774915999999999716e+00,1.945580999999999783e+00
-2.979999999999999316e-02,1.672516999999999809e+00,1.843181999999999876e+00
-2.959999999999998743e-02,1.672516999999999809e+00,1.843181999999999876e+00
-2.939999999999999558e-02,1.535984999999999934e+00,1.740782999999999747e+00
-2.919999999999998985e-02,1.535984999999999934e+00,1.740782999999999747e+00
-2.899999999999999800e-02,1.433585999999999805e+00,1.638383999999999840e+00
-2.879999999999999227e-02,1.433585999999999805e+00,1.638383999999999840e+00
-2.859999999999998654e-02,1.297053999999999929e+00,1.501851999999999965e+00
-2.839999999999999469e-02,1.297053999999999929e+00,1.501851999999999965e+00
-2.819999999999998896e-02,1.228787999999999769e+00,1.399452999999999836e+00
-2.799999999999999711e-02,1.194654999999999800e+00,1.399452999999999836e+00
-2.779999999999999138e-02,1.092255999999999894e+00,1.297053999999999929e+00
-2.759999999999998566e-02,1.092255999999999894e+00,1.297053999999999929e+00
-2.739999999999999380e-02,1.023989999999999956e+00,1.194654999999999800e+00
-2.719999999999998808e-02,1.023989999999999956e+00,1.194654999999999800e+00
-2.699999999999999623e-02,9.557239999999999069e-01,1.092255999999999894e+00
-2.679999999999999050e-02,9.898569999999998759e-01,1.092255999999999894e+00
-2.659999999999999865e-02,9.557239999999999069e-01,9.898569999999998759e-01
-2.639999999999999292e-02,9.557239999999999069e-01,9.898569999999998759e-01
-2.619999999999998719e-02,8.874579999999998581e-01,8.874579999999998581e-01
-2.599999999999999534e-02,9.215909999999999380e-01,8.874579999999998581e-01
-2.579999999999998961e-02,8.191919999999999202e-01,7.850589999999999513e-01
-2.559999999999999776e-02,8.191919999999999202e-01,7.850589999999999513e-01
-2.539999999999999203e-02,6.826599999999999335e-01,6.826599999999999335e-01
-2.519999999999998630e-02,6.826599999999999335e-01,6.826599999999999335e-01
-2.499999999999999445e-02,5.802609999999999157e-01,5.461279999999999468e-01
-2.479999999999998872e-02,5.802609999999999157e-01,5.802609999999999157e-01
-2.459999999999999687e-02,4.437289999999999290e-01,4.437289999999999290e-01
-2.439999999999999114e-02,4.437289999999999290e-01,4.778619999999999535e-01
-2.419999999999998541e-02,3.413299999999999668e-01,3.754629999999999912e-01
-2.399999999999999356e-02,3.413299999999999668e-01,3.754629999999999912e-01
-2.379999999999998783e-02,2.047979999999999801e-01,2.389309999999999767e-01
-2.359999999999999598e-02,2.047979999999999801e-01,2.730639999999999734e-01
-2.339999999999999025e-02,1.023989999999999900e-01,1.706649999999999834e-01
-2.319999999999999840e-02,1.023989999999999900e-01,1.365319999999999867e-01
-2.299999999999999267e-02,6.826599999999999335e-02,3.413299999999999668e-02
-2.279999999999998694e-02,6.826599999999999335e-02,3.413299999999999668e-02
-2.259999999999999509e-02,6.826599999999999335e-02,-3.413299999999999668e-02
-2.239999999999998936e-02,6.826599999999999335e-02,-6.826599999999999335e-02
-2.219999999999999751e-02,0.000000000000000000e+00,-1.706649999999999834e-01
-2.199999999999999178e-02,3.413299999999999668e-02,-1.706649999999999834e-01
-2.179999999999998606e-02,-1.023989999999999900e-01,-2.730639999999999734e-01
-2.159999999999999420e-02,-6.826599999999999335e-02,-2.730639999999999734e-01
-2.139999999999998848e-02,-2.047979999999999801e-01,-3.754629999999999912e-01
-2.119999999999999662e-02,-1.706649999999999834e-01,-3.754629999999999912e-01
-2.099999999999999090e-02,-3.071969999999999423e-01,-4.437289999999999290e-01
-2.079999999999998517e-02,-3.071969999999999423e-01,-4.778619999999999535e-01
-2.059999999999999332e-02,-4.095959999999999601e-01,-5.461279999999999468e-01
-2.039999999999998759e-02,-4.095959999999999601e-01,-5.802609999999999157e-01
-2.019999999999999574e-02,-5.461279999999999468e-01,-6.826599999999999335e-01
-1.999999999999999001e-02,-5.461279999999999468e-01,-6.826599999999999335e-01
-1.979999999999999816e-02,-6.485269999999999646e-01,-7.850589999999999513e-01
-1.959999999999999243e-02,-6.485269999999999646e-01,-7.850589999999999513e-01
-1.939999999999998670e-02,-7.509259999999999824e-01,-8.874579999999998581e-01
-1.919999999999999485e-02,-7.509259999999999824e-01,-8.533249999999998892e-01
-1.899999999999998912e-02,-8.191919999999999202e-01,-9.898569999999998759e-01
-1.879999999999999727e-02,-8.191919999999999202e-01,-9.898569999999998759e-01
-1.859999999999999154e-02,-8.533249999999998892e-01,-1.058122999999999925e+00
-1.839999999999998581e-02,-8.191919999999999202e-01,-1.092255999999999894e+00
-1.819999999999999396e-02,-8.533249999999998892e-01,-1.194654999999999800e+00
-1.799999999999998823e-02,-8.533249999999998892e-01,-1.194654999999999800e+00
-1.779999999999999638e-02,-9.215909999999999380e-01,-1.297053999999999929e+00
-1.759999999999999065e-02,-8.874579999999998581e-01,-1.262920999999999960e+00
-1.739999999999998492e-02,-1.023989999999999956e+00,-1.365319999999999867e+00
-1.719999999999999307e-02,-9.898569999999998759e-01,-1.365319999999999867e+00
-1.699999999999998734e-02,-1.126388999999999863e+00,-1.467718999999999774e+00
-1.679999999999999549e-02,-1.126388999999999863e+00,-1.467718999999999774e+00
-1.659999999999998976e-02,-1.228787999999999769e+00,-1.570117999999999903e+00
-1.639999999999999791e-02,-1.228787999999999769e+00,-1.570117999999999903e+00
-1.619999999999999218e-02,-1.331186999999999898e+00,-1.672516999999999809e+00
-1.599999999999998646e-02,-1.331186999999999898e+00,-1.672516999999999809e+00
-1.579999999999999460e-02,-1.433585999999999805e+00,-1.774915999999999716e+00
-1.559999999999998888e-02,-1.433585999999999805e+00,-1.774915999999999716e+00
-1.539999999999999702e-02,-1.535984999999999934e+00,-1.877314999999999845e+00
-1.519999999999999130e-02,-1.535984999999999934e+00,-1.877314999999999845e+00
-1.499999999999998557e-02,-1.638383999999999840e+00,-1.979713999999999752e+00
-1.479999999999999372e-02,-1.638383999999999840e+00,-1.979713999999999752e+00
-1.459999999999998799e-02,-1.740782999999999747e+00,-2.082112999999999658e+00
-1.439999999999999614e-02,-1.740782999999999747e+00,-2.082112999999999658e+00
-1.419999999999999041e-02,-1.774915999999999716e+00,-2.184511999999999787e+00
-1.399999999999999856e-02,-1.774915999999999716e+00,-2.184511999999999787e+00
-1.379999999999999283e-02,-1.843181999999999876e+00,-2.286910999999999916e+00
-1.359999999999998710e-02,-1.843181999999999876e+00,-2.286910999999999916e+00
-1.339999999999999525e-02,-1.945580999999999783e+00,-2.389309999999999601e+00
-1.319999999999998952e-02,-1.945580999999999783e+00,-2.389309999999999601e+00
-1.299999999999999767e-02,-2.047979999999999912e+00,-2.491708999999999730e+00
-1.279999999999999194e-02,-2.047979999999999912e+00,-2.491708999999999730e+00
-1.259999999999998621e-02,-2.150378999999999596e+00,-2.594107999999999858e+00
-1.239999999999999436e-02,-2.150378999999999596e+00,-2.594107999999999858e+00
-1.219999999999998863e-02,-2.252777999999999725e+00,-2.696506999999999543e+00
-1.199999999999999678e-02,-2.218644999999999978e+00,-2.662373999999999796e+00
-1.179999999999999105e-02,-2.321043999999999663e+00,-2.798905999999999672e+00
-1.159999999999998532e-02,-2.321043999999999663e+00,-2.798905999999999672e+00
-1.139999999999999347e-02,-2.423442999999999792e+00,-2.901304999999999801e+00
-1.119999999999998774e-02,-2.423442999999999792e+00,-2.901304999999999801e+00
-1.099999999999999589e-02,-2.525841999999999921e+00,-3.003703999999999930e+00
-1.079999999999999016e-02,-2.594107999999999858e+00,-3.037836999999999676e+00
-1.059999999999999831e-02,-2.491708999999999730e+00,-2.969570999999999739e+00
-1.039999999999999258e-02,-2.491708999999999730e+00,-2.969570999999999739e+00
-1.019999999999998685e-02,-2.389309999999999601e+00,-2.867171999999999610e+00
-9.999999999999995004e-03,-2.389309999999999601e+00,-2.833038999999999863e+00
-9.799999999999989275e-03,-2.286910999999999916e+00,-2.730639999999999734e+00
-9.599999999999997424e-03,-2.286910999999999916e+00,-2.730639999999999734e+00
-9.399999999999991696e-03,-2.184511999999999787e+00,-2.628240999999999605e+00
-9.199999999999985967e-03,-2.184511999999999787e+00,-2.628240999999999605e+00
-8.999999999999994116e-03,-2.082112999999999658e+00,-2.525841999999999921e+00
-8.799999999999988387e-03,-2.082112999999999658e+00,-2.491708999999999730e+00
-8.599999999999996536e-03,-1.979713999999999752e+00,-2.389309999999999601e+00
-8.399999999999990807e-03,-1.979713999999999752e+00,-2.389309999999999601e+00
-8.199999999999985079e-03,-1.843181999999999876e+00,-2.286910999999999916e+00
-7.999999999999993228e-03,-1.843181999999999876e+00,-2.286910999999999916e+00
-7.799999999999987499e-03,-1.774915999999999716e+00,-2.150378999999999596e+00
-7.599999999999995648e-03,-1.774915999999999716e+00,-2.184511999999999787e+00
-7.399999999999989919e-03,-1.706649999999999778e+00,-2.082112999999999658e+00
-7.199999999999998068e-03,-1.706649999999999778e+00,-2.082112999999999658e+00
-6.999999999999992339e-03,-1.604250999999999872e+00,-1.945580999999999783e+00
-6.799999999999986611e-03,-1.638383999999999840e+00,-1.945580999999999783e+00
-6.599999999999994760e-03,-1.501851999999999965e+00,-1.843181999999999876e+00
-6.399999999999989031e-03,-1.501851999999999965e+00,-1.843181999999999876e+00
-6.199999999999997180e-03,-1.399452999999999836e+00,-1.740782999999999747e+00
-5.999999999999991451e-03,-1.399452999999999836e+00,-1.740782999999999747e+00
-5.799999999999985723e-03,-1.297053999999999929e+00,-1.638383999999999840e+00
-5.599999999999993872e-03,-1.262920999999999960e+00,-1.638383999999999840e+00
-5.399999999999988143e-03,-1.160521999999999831e+00,-1.535984999999999934e+00
-5.199999999999996292e-03,-1.194654999999999800e+00,-1.535984999999999934e+00
-4.999999999999990563e-03,-1.058122999999999925e+00,-1.433585999999999805e+00
-4.799999999999984834e-03,-1.058122999999999925e+00,-1.433585999999999805e+00
-4.599999999999992983e-03,-9.557239999999999069e-01,-1.331186999999999898e+00
-4.399999999999987255e-03,-9.215909999999999380e-01,-1.331186999999999898e+00
-4.199999999999995404e-03,-8.533249999999998892e-01,-1.228787999999999769e+00
-3.999999999999989675e-03,-8.874579999999998581e-01,-1.228787999999999769e+00
-3.799999999999997824e-03,-8.191919999999999202e-01,-1.126388999999999863e+00
-3.599999999999992095e-03,-8.191919999999999202e-01,-1.126388999999999863e+00
-3.399999999999986366e-03,-8.533249999999998892e-01,-1.023989999999999956e+00
-3.199999999999994515e-03,-8.533249999999998892e-01,-1.023989999999999956e+00
-2.999999999999988787e-03,-7.850589999999999513e-01,-8.874579999999998581e-01
-2.799999999999996936e-03,-7.850589999999999513e-01,-9.215909999999999380e-01
-2.599999999999991207e-03,-6.826599999999999335e-01,-8.191919999999999202e-01
-2.399999999999985478e-03,-6.826599999999999335e-01,-7.850589999999999513e-01
-2.199999999999993627e-03,-5.802609999999999157e-01,-6.826599999999999335e-01
-1.999999999999987899e-03,-5.802609999999999157e-01,-6.826599999999999335e-01
-1.799999999999996048e-03,-4.778619999999999535e-01,-5.802609999999999157e-01
-1.599999999999990319e-03,-4.778619999999999535e-01,-5.802609999999999157e-01
-1.399999999999984590e-03,-3.413299999999999668e-01,-5.119949999999999779e-01
-1.199999999999992739e-03,-3.413299999999999668e-01,-4.778619999999999535e-01
-9.999999999999870104e-04,-2.389309999999999767e-01,-3.754629999999999912e-01
-7.999999999999951594e-04,-2.389309999999999767e-01,-3.754629999999999912e-01
-5.999999999999894307e-04,-1.023989999999999900e-01,-3.071969999999999423e-01
-3.999999999999975797e-04,-1.023989999999999900e-01,-3.071969999999999423e-01
-1.999999999999918510e-04,-3.413299999999999668e-02,-2.047979999999999801e-01
1.387778780781445676e-17,0.000000000000000000e+00,-2.047979999999999801e-01
2.000000000000057288e-04,6.826599999999999335e-02,-1.023989999999999900e-01
4.000000000000114575e-04,6.826599999999999335e-02,-1.023989999999999900e-01
6.000000000000033085e-04,3.413299999999999668e-02,0.000000000000000000e+00
8.000000000000090372e-04,6.826599999999999335e-02,3.413299999999999668e-02
1.000000000000014766e-03,1.023989999999999900e-01,1.023989999999999900e-01
1.200000000000006617e-03,1.023989999999999900e-01,1.023989999999999900e-01
1.400000000000012346e-03,1.706649999999999834e-01,2.047979999999999801e-01
1.600000000000004197e-03,1.706649999999999834e-01,2.389309999999999767e-01
1.800000000000009925e-03,2.730639999999999734e-01,3.071969999999999423e-01
2.000000000000015654e-03,2.730639999999999734e-01,3.071969999999999423e-01
2.200000000000007505e-03,4.095959999999999601e-01,4.095959999999999601e-01
2.400000000000013234e-03,4.095959999999999601e-01,4.437289999999999290e-01
2.600000000000005085e-03,5.119949999999999779e-01,5.119949999999999779e-01
2.800000000000010814e-03,5.119949999999999779e-01,5.119949999999999779e-01
3.000000000000002665e-03,6.485269999999999646e-01,6.143939999999998847e-01
3.200000000000008393e-03,6.485269999999999646e-01,6.143939999999998847e-01
3.400000000000014122e-03,7.509259999999999824e-01,7.167929999999999024e-01
3.600000000000005973e-03,7.509259999999999824e-01,7.167929999999999024e-01
3.800000000000011702e-03,8.533249999999998892e-01,8.191919999999999202e-01
4.000000000000003553e-03,8.533249999999998892e-01,8.191919999999999202e-01
4.200000000000009281e-03,9.557239999999999069e-01,9.215909999999999380e-01
4.400000000000015010e-03,9.557239999999999069e-01,9.215909999999999380e-01
4.600000000000006861e-03,9.898569999999998759e-01,1.023989999999999956e+00
4.800000000000012590e-03,9.557239999999999069e-01,1.023989999999999956e+00
5.000000000000004441e-03,9.898569999999998759e-01,1.126388999999999863e+00
5.200000000000010170e-03,9.898569999999998759e-01,1.126388999999999863e+00
5.400000000000015898e-03,1.023989999999999956e+00,1.228787999999999769e+00
5.600000000000007749e-03,1.023989999999999956e+00,1.228787999999999769e+00
5.800000000000013478e-03,1.126388999999999863e+00,1.331186999999999898e+00
6.000000000000005329e-03,1.126388999999999863e+00,1.331186999999999898e+00
6.200000000000011058e-03,1.228787999999999769e+00,1.433585999999999805e+00
6.400000000000002909e-03,1.228787999999999769e+00,1.433585999999999805e+00
6.600000000000008638e-03,1.331186999999999898e+00,1.535984999999999934e+00
6.800000000000014366e-03,1.331186999999999898e+00,1.535984999999999934e+00
7.000000000000006217e-03,1.433585999999999805e+00,1.638383999999999840e+00
7.200000000000011946e-03,1.433585999999999805e+00,1.638383999999999840e+00
7.400000000000003797e-03,1.535984999999999934e+00,1.740782999999999747e+00
7.600000000000009526e-03,1.535984999999999934e+00,1.740782999999999747e+00
7.800000000000015254e-03,1.672516999999999809e+00,1.843181999999999876e+00
8.000000000000007105e-03,1.638383999999999840e+00,1.843181999999999876e+00
8.200000000000012834e-03,1.740782999999999747e+00,1.945580999999999783e+00
8.400000000000004685e-03,1.740782999999999747e+00,1.945580999999999783e+00
8.600000000000010414e-03,1.843181999999999876e+00,2.047979999999999912e+00
8.800000000000016143e-03,1.843181999999999876e+00,2.047979999999999912e+00
9.000000000000007994e-03,1.911447999999999814e+00,2.150378999999999596e+00
9.200000000000013722e-03,1.911447999999999814e+00,2.150378999999999596e+00
9.400000000000005573e-03,1.979713999999999752e+00,2.252777999999999725e+00
9.600000000000011302e-03,1.979713999999999752e+00,2.252777999999999725e+00
9.800000000000003153e-03,2.082112999999999658e+00,2.355176999999999854e+00
1.000000000000000888e-02,2.082112999999999658e+00,2.355176999999999854e+00
1.020000000000001461e-02,2.184511999999999787e+00,2.457575999999999539e+00
1.040000000000000646e-02,2.150378999999999596e+00,2.457575999999999539e+00
1.060000000000001219e-02,2.252777999999999725e+00,2.559974999999999667e+00
1.080000000000000404e-02,2.252777999999999725e+00,2.559974999999999667e+00
1.100000000000000977e-02,2.355176999999999854e+00,2.662373999999999796e+00
1.120000000000001550e-02,2.355176999999999854e+00,2.628240999999999605e+00
1.140000000000000735e-02,2.457575999999999539e+00,2.764772999999999925e+00
1.160000000000001308e-02,2.457575999999999539e+00,2.730639999999999734e+00
1.180000000000000493e-02,2.525841999999999921e+00,2.867171999999999610e+00
1.200000000000001066e-02,2.594107999999999858e+00,2.901304999999999801e+00
1.220000000000001639e-02,2.525841999999999921e+00,2.833038999999999863e+00
1.240000000000000824e-02,2.525841999999999921e+00,2.798905999999999672e+00
1.260000000000001397e-02,2.389309999999999601e+00,2.696506999999999543e+00
1.280000000000000582e-02,2.423442999999999792e+00,2.696506999999999543e+00
1.300000000000001155e-02,2.286910999999999916e+00,2.594107999999999858e+00
1.320000000000000340e-02,2.286910999999999916e+00,2.559974999999999667e+00
1.340000000000000913e-02,2.184511999999999787e+00,2.457575999999999539e+00
1.360000000000001485e-02,2.184511999999999787e+00,2.457575999999999539e+00
1.380000000000000671e-02,2.082112999999999658e+00,2.355176999999999854e+00
1.400000000000001243e-02,2.082112999999999658e+00,2.321043999999999663e+00
1.420000000000000429e-02,1.979713999999999752e+00,2.218644999999999978e+00
1.440000000000001001e-02,1.979713999999999752e+00,2.218644999999999978e+00
1.460000000000001574e-02,1.911447999999999814e+00,2.116245999999999849e+00
1.480000000000000759e-02,1.877314999999999845e+00,2.116245999999999849e+00
1.500000000000001332e-02,1.809048999999999907e+00,2.013846999999999721e+00
1.520000000000000517e-02,1.809048999999999907e+00,2.013846999999999721e+00
1.540000000000001090e-02,1.706649999999999778e+00,1.877314999999999845e+00
1.560000000000001663e-02,1.706649999999999778e+00,1.877314999999999845e+00
1.580000000000000848e-02,1.604250999999999872e+00,1.774915999999999716e+00
1.600000000000001421e-02,1.604250999999999872e+00,1.774915999999999716e+00
1.620000000000000606e-02,1.501851999999999965e+00,1.672516999999999809e+00
1.640000000000001179e-02,1.467718999999999774e+00,1.672516999999999809e+00
1.660000000000000364e-02,1.365319999999999867e+00,1.535984999999999934e+00
1.680000000000000937e-02,1.365319999999999867e+00,1.570117999999999903e+00
1.700000000000001510e-02,1.262920999999999960e+00,1.433585999999999805e+00
1.720000000000000695e-02,1.228787999999999769e+00,1.467718999999999774e+00
1.740000000000001268e-02,1.126388999999999863e+00,1.331186999999999898e+00
1.760000000000000453e-02,1.126388999999999863e+00,1.331186999999999898e+00
1.780000000000001026e-02,1.058122999999999925e+00,1.228787999999999769e+00
1.800000000000001599e-02,1.058122999999999925e+00,1.228787999999999769e+00
1.820000000000000784e-02,9.898569999999998759e-01,1.126388999999999863e+00
1.840000000000001357e-02,9.898569999999998759e-01,1.126388999999999863e+00
1.860000000000000542e-02,9.557239999999999069e-01,1.023989999999999956e+00
1.880000000000001115e-02,9.898569999999998759e-01,1.023989999999999956e+00
1.900000000000000300e-02,9.215909999999999380e-01,9.215909999999999380e-01
1.920000000000000873e-02,9.557239999999999069e-01,9.215909999999999380e-01
1.940000000000001446e-02,8.533249999999998892e-01,8.191919999999999202e-01
1.960000000000000631e-02,8.533249999999998892e-01,8.191919999999999202e-01
1.980000000000001203e-02,7.509259999999999824e-01,7.167929999999999024e-01
2.000000000000000389e-02,7.509259999999999824e-01,7.167929999999999024e-01
2.020000000000000961e-02,6.143939999999998847e-01,5.802609999999999157e-01
2.040000000000001534e-02,6.143939999999998847e-01,6.143939999999998847e-01
2.060000000000000719e-02,5.119949999999999779e-01,5.119949999999999779e-01
2.080000000000001292e-02,5.119949999999999779e-01,5.119949999999999779e-01
2.100000000000000477e-02,3.754629999999999912e-01,4.095959999999999601e-01
2.120000000000001050e-02,3.754629999999999912e-01,4.095959999999999601e-01
2.140000000000001623e-02,2.730639999999999734e-01,3.071969999999999423e-01
2.160000000000000808e-02,2.730639999999999734e-01,3.071969999999999423e-01
2.180000000000001381e-02,1.706649999999999834e-01,2.047979999999999801e-01
2.200000000000000566e-02,1.365319999999999867e-01,2.047979999999999801e-01
2.220000000000001139e-02,6.826599999999999335e-02,1.023989999999999900e-01
2.240000000000000324e-02,6.826599999999999335e-02,1.023989999999999900e-01
2.260000000000000897e-02,6.826599999999999335e-02,0.000000000000000000e+00
2.280000000000001470e-02,6.826599999999999335e-02,0.000000000000000000e+00
2.300000000000000655e-02,3.413299999999999668e-02,-1.023989999999999900e-01
2.320000000000001228e-02,6.826599999999999335e-02,-1.365319999999999867e-01
2.340000000000000413e-02,-3.413299999999999668e-02,-2.047979999999999801e-01
2.360000000000000986e-02,-3.413299999999999668e-02,-2.047979999999999801e-01
2.380000000000001559e-02,-1.365319999999999867e-01,-3.071969999999999423e-01
2.400000000000002132e-02,-1.365319999999999867e-01,-3.071969999999999423e-01
2.419999999999999929e-02,-2.389309999999999767e-01,-4.437289999999999290e-01
2.440000000000000502e-02,-2.389309999999999767e-01,-4.095959999999999601e-01
2.460000000000001075e-02,-3.754629999999999912e-01,-5.461279999999999468e-01
2.480000000000001648e-02,-3.754629999999999912e-01,-5.461279999999999468e-01
2.500000000000002220e-02,-4.778619999999999535e-01,-6.485269999999999646e-01
2.520000000000000018e-02,-4.778619999999999535e-01,-6.485269999999999646e-01
2.540000000000000591e-02,-5.802609999999999157e-01,-7.167929999999999024e-01
2.560000000000001164e-02,-6.143939999999998847e-01,-7.509259999999999824e-01
2.580000000000001736e-02,-6.826599999999999335e-01,-8.191919999999999202e-01
2.600000000000002309e-02,-7.167929999999999024e-01,-8.191919999999999202e-01
2.620000000000000107e-02,-8.191919999999999202e-01,-9.215909999999999380e-01
2.640000000000000679e-02,-8.191919999999999202e-01,-9.215909999999999380e-01
2.660000000000001252e-02,-8.533249999999998892e-01,-1.023989999999999956e+00
2.680000000000001825e-02,-8.191919999999999202e-01,-1.023989999999999956e+00
2.700000000000002398e-02,-8.533249999999998892e-01,-1.126388999999999863e+00
2.720000000000000195e-02,-8.191919999999999202e-01,-1.126388999999999863e+00
2.740000000000000768e-02,-8.874579999999998581e-01,-1.228787999999999769e+00
2.760000000000001341e-02,-8.874579999999998581e-01,-1.228787999999999769e+00
2.780000000000001914e-02,-9.557239999999999069e-01,-1.331186999999999898e+00
2.799999999999999711e-02,-9.557239999999999069e-01,-1.331186999999999898e+00
2.820000000000000284e-02,-1.058122999999999925e+00,-1.433585999999999805e+00
2.840000000000000857e-02,-1.058122999999999925e+00,-1.433585999999999805e+00
2.860000000000001430e-02,-1.160521999999999831e+00,-1.535984999999999934e+00
2.880000000000002003e-02,-1.194654999999999800e+00,-1.535984999999999934e+00
2.899999999999999800e-02,-1.297053999999999929e+00,-1.638383999999999840e+00
2.920000000000000373e-02,-1.297053999999999929e+00,-1.638383999999999840e+00
2.940000000000000946e-02,-1.399452999999999836e+00,-1.740782999999999747e+00
2.960000000000001519e-02,-1.399452999999999836e+00,-1.740782999999999747e+00
2.980000000000002092e-02,-1.501851999999999965e+00,-1.843181999999999876e+00
2.999999999999999889e-02,-1.501851999999999965e+00,-1.843181999999999876e+00
3.020000000000000462e-02,-1.604250999999999872e+00,-1.945580999999999783e+00
3.040000000000001035e-02,-1.604250999999999872e+00,-1.945580999999999783e+00
3.060000000000001608e-02,-1.706649999999999778e+00,-2.047979999999999912e+00
3.080000000000002180e-02,-1.672516999999999809e+00,-2.047979999999999912e+00
3.099999999999999978e-02,-1.774915999999999716e+00,-2.150378999999999596e+00
3.120000000000000551e-02,-1.740782999999999747e+00,-2.116245999999999849e+00
3.140000000000001124e-02,-1.809048999999999907e+00,-2.218644999999999978e+00
3.160000000000001696e-02,-1.809048999999999907e+00,-2.252777999999999725e+00
3.180000000000002269e-02,-1.911447999999999814e+00,-2.355176999999999854e+00
3.200000000000000067e-02,-1.911447999999999814e+00,-2.355176999999999854e+00
3.220000000000000639e-02,-2.013846999999999721e+00,-2.457575999999999539e+00
3.240000000000001212e-02,-2.013846999999999721e+00,-2.423442999999999792e+00
3.260000000000001785e-02,-2.116245999999999849e+00,-2.525841999999999921e+00
3.280000000000002358e-02,-2.116245999999999849e+00,-2.559974999999999667e+00
3.300000000000000155e-02,-2.184511999999999787e+00,-2.628240999999999605e+00
3.320000000000000728e-02,-2.218644999999999978e+00,-2.662373999999999796e+00
3.340000000000001301e-02,-2.286910999999999916e+00,-2.730639999999999734e+00
3.360000000000001874e-02,-2.286910999999999916e+00,-2.730639999999999734e+00
3.380000000000002447e-02,-2.389309999999999601e+00,-2.867171999999999610e+00
3.400000000000000244e-02,-2.389309999999999601e+00,-2.833038999999999863e+00
3.420000000000000817e-02,-2.491708999999999730e+00,-2.935437999999999548e+00
3.440000000000001390e-02,-2.491708999999999730e+00,-2.935437999999999548e+00
3.460000000000001963e-02,-2.594107999999999858e+00,-3.037836999999999676e+00
3.479999999999999760e-02,-2.559974999999999667e+00,-3.003703999999999930e+00
3.500000000000000333e-02,-2.457575999999999539e+00,-2.901304999999999801e+00
3.520000000000000906e-02,-2.423442999999999792e+00,-2.901304999999999801e+00
3.540000000000001479e-02,-2.355176999999999854e+00,-2.798905999999999672e+00
3.560000000000002052e-02,-2.321043999999999663e+00,-2.764772999999999925e+00
3.579999999999999849e-02,-2.218644999999999978e+00,-2.662373999999999796e+00
3.600000000000000422e-02,-2.218644999999999978e+00,-2.662373999999999796e+00
3.620000000000000995e-02,-2.116245999999999849e+00,-2.559974999999999667e+00
3.640000000000001568e-02,-2.116245999999999849e+00,-2.559974999999999667e+00
3.660000000000002141e-02,-2.013846999999999721e+00,-2.423442999999999792e+00
3.679999999999999938e-02,-2.013846999999999721e+00,-2.423442999999999792e+00
3.700000000000000511e-02,-1.911447999999999814e+00,-2.321043999999999663e+00
3.720000000000001084e-02,-1.911447999999999814e+00,-2.321043999999999663e+00
3.740000000000001656e-02,-1.809048999999999907e+00,-2.218644999999999978e+00
3.760000000000002229e-02,-1.809048999999999907e+00,-2.218644999999999978e+00
3.780000000000000027e-02,-1.740782999999999747e+00,-2.116245999999999849e+00
3.800000000000000600e-02,-1.740782999999999747e+00,-2.116245999999999849e+00
3.820000000000001172e-02,-1.672516999999999809e+00,-2.013846999999999721e+00
3.840000000000001745e-02,-1.638383999999999840e+00,-1.979713999999999752e+00
3.860000000000002318e-02,-1.570117999999999903e+00,-1.911447999999999814e+00
3.880000000000000115e-02,-1.535984999999999934e+00,-1.911447999999999814e+00
3.900000000000000688e-02,-1.433585999999999805e+00,-1.774915999999999716e+00
3.920000000000001261e-02,-1.433585999999999805e+00,-1.774915999999999716e+00
3.940000000000001834e-02,-1.331186999999999898e+00,-1.672516999999999809e+00
3.960000000000002407e-02,-1.331186999999999898e+00,-1.672516999999999809e+00
3.980000000000000204e-02,-1.228787999999999769e+00,-1.570117999999999903e+00
4.000000000000000777e-02,-1.228787999999999769e+00,-1.570117999999999903e+00
4.020000000000001350e-02,-1.092255999999999894e+00,-1.467718999999999774e+00
4.040000000000001923e-02,-1.092255999999999894e+00,-1.467718999999999774e+00
4.059999999999999720e-02,-9.898569999999998759e-01,-1.365319999999999867e+00
4.080000000000000293e-02,-9.898569999999998759e-01,-1.365319999999999867e+00
4.100000000000000866e-02,-8.874579999999998581e-01,-1.262920999999999960e+00
4.120000000000001439e-02,-8.874579999999998581e-01,-1.262920999999999960e+00
4.140000000000002012e-02,-8.191919999999999202e-01,-1.126388999999999863e+00
4.159999999999999809e-02,-8.533249999999998892e-01,-1.160521999999999831e+00
4.180000000000000382e-02,-8.191919999999999202e-01,-1.058122999999999925e+00
4.200000000000000955e-02,-8.533249999999998892e-01,-1.058122999999999925e+00
4.220000000000001528e-02,-8.191919999999999202e-01,-9.557239999999999069e-01
4.240000000000002101e-02,-8.191919999999999202e-01,-9.557239999999999069e-01
4.259999999999999898e-02,-7.509259999999999824e-01,-8.533249999999998892e-01
4.280000000000000471e-02,-7.167929999999999024e-01,-8.533249999999998892e-01
4.300000000000001044e-02,-6.143939999999998847e-01,-7.509259999999999824e-01
4.320000000000001616e-02,-6.143939999999998847e-01,-7.509259999999999824e-01
4.340000000000002189e-02,-5.119949999999999779e-01,-6.485269999999999646e-01
4.359999999999999987e-02,-4.778619999999999535e-01,-6.485269999999999646e-01
4.380000000000000560e-02,-3.754629999999999912e-01,-5.461279999999999468e-01
4.400000000000001132e-02,-3.754629999999999912e-01,-5.461279999999999468e-01
4.420000000000001705e-02,-2.730639999999999734e-01,-4.437289999999999290e-01
4.440000000000002278e-02,-2.730639999999999734e-01,-4.437289999999999290e-01
4.460000000000000075e-02,-1.365319999999999867e-01,-3.413299999999999668e-01
4.480000000000000648e-02,-1.365319999999999867e-01,-3.413299999999999668e-01
4.500000000000001221e-02,-6.826599999999999335e-02,-2.389309999999999767e-01
4.520000000000001794e-02,-3.413299999999999668e-02,-2.389309999999999767e-01
4.540000000000002367e-02,6.826599999999999335e-02,-1.365319999999999867e-01
4.560000000000000164e-02,3.413299999999999668e-02,-1.365319999999999867e-01
4.580000000000000737e-02,6.826599999999999335e-02,-3.413299999999999668e-02
4.600000000000001310e-02,6.826599999999999335e-02,-3.413299999999999668e-02
4.620000000000001883e-02,6.826599999999999335e-02,6.826599999999999335e-02
4.640000000000002456e-02,6.826599999999999335e-02,6.826599999999999335e-02
4.660000000000000253e-02,1.365319999999999867e-01,1.706649999999999834e-01
4.680000000000000826e-02,1.365319999999999867e-01,1.706649999999999834e-01
4.700000000000001399e-02,2.389309999999999767e-01,2.730639999999999734e-01
4.720000000000001972e-02,2.389309999999999767e-01,2.730639999999999734e-01
4.739999999999999769e-02,3.413299999999999668e-01,3.754629999999999912e-01
4.760000000000000342e-02,3.413299999999999668e-01,3.754629999999999912e-01
4.780000000000000915e-02,4.778619999999999535e-01,4.778619999999999535e-01
4.800000000000001488e-02,4.778619999999999535e-01,4.778619999999999535e-01
4.820000000000002061e-02,5.802609999999999157e-01,5.802609999999999157e-01
4.839999999999999858e-02,5.802609999999999157e-01,5.802609999999999157e-01
4.860000000000000431e-02,6.826599999999999335e-01,6.826599999999999335e-01
4.880000000000001004e-02,6.826599999999999335e-01,6.826599999999999335e-01
4.900000000000001577e-02,7.850589999999999513e-01,7.850589999999999513e-01
4.920000000000002149e-02,8.191919999999999202e-01,7.850589999999999513e-01
4.939999999999999947e-02,9.215909999999999380e-01,8.874579999999998581e-01
4.960000000000000520e-02,9.215909999999999380e-01,8.874579999999998581e-01
4.980000000000001092e-02,9.557239999999999069e-01,9.898569999999998759e-01
5.000000000000001665e-02,9.557239999999999069e-01,9.898569999999998759e-01
5.020000000000002238e-02,9.898569999999998759e-01,1.092255999999999894e+00
5.040000000000000036e-02,9.557239999999999069e-01,1.092255999999999894e+00
5.060000000000000608e-02,9.898569999999998759e-01,1.194654999999999800e+00
5.080000000000001181e-02,1.023989999999999956e+00,1.194654999999999800e+00
5.100000000000001754e-02,1.092255999999999894e+00,1.297053999999999929e+00
5.120000000000002327e-02,1.058122999999999925e+00,1.297053999999999929e+00
5.140000000000000124e-02,1.160521999999999831e+00,1.399452999999999836e+00
5.160000000000000697e-02,1.194654999999999800e+00,1.399452999999999836e+00
5.180000000000001270e-02,1.297053999999999929e+00,1.501851999999999965e+00
5.200000000000001843e-02,1.297053999999999929e+00,1.501851999999999965e+00
5.220000000000002416e-02,1.399452999999999836e+00,1.604250999999999872e+00
5.240000000000000213e-02,1.399452999999999836e+00,1.604250999999999872e+00
5.260000000000000786e-02,1.501851999999999965e+00,1.706649999999999778e+00
5.280000000000001359e-02,1.501851999999999965e+00,1.706649999999999778e+00
5.300000000000001932e-02,1.604250999999999872e+00,1.809048999999999907e+00
5.320000000000002505e-02,1.604250999999999872e+00,1.809048999999999907e+00
5.340000000000000302e-02,1.706649999999999778e+00,1.911447999999999814e+00
5.360000000000000875e-02,1.706649999999999778e+00,1.911447999999999814e+00
5.380000000000001448e-02,1.809048999999999907e+00,2.013846999999999721e+00
5.400000000000002021e-02,1.809048999999999907e+00,2.013846999999999721e+00
5.419999999999999818e-02,1.911447999999999814e+00,2.116245999999999849e+00
5.440000000000000391e-02,1.877314999999999845e+00,2.116245999999999849e+00
5.460000000000000964e-02,1.945580999999999783e+00,2.218644999999999978e+00
5.480000000000001537e-02,1.945580999999999783e+00,2.218644999999999978e+00
5.500000000000002109e-02,2.047979999999999912e+00,2.286910999999999916e+00
5.519999999999999907e-02,2.047979999999999912e+00,2.321043999999999663e+00
5.540000000000000480e-02,2.116245999999999849e+00,2.389309999999999601e+00
5.560000000000001052e-02,2.150378999999999596e+00,2.389309999999999601e+00
5.580000000000001625e-02,2.218644999999999978e+00,2.525841999999999921e+00
5.600000000000002198e-02,2.218644999999999978e+00,2.491708999999999730e+00
5.619999999999999996e-02,2.321043999999999663e+00,2.628240999999999605e+00
5.640000000000000568e-02,2.321043999999999663e+00,2.628240999999999605e+00
5.660000000000001141e-02,2.423442999999999792e+00,2.696506999999999543e+00
5.680000000000001714e-02,2.423442999999999792e+00,2.696506999999999543e+00
5.700000000000002287e-02,2.525841999999999921e+00,2.798905999999999672e+00
5.720000000000000084e-02,2.525841999999999921e+00,2.798905999999999672e+00
5.740000000000000657e-02,2.594107999999999858e+00,2.867171999999999610e+00
5.760000000000001230e-02,2.559974999999999667e+00,2.867171999999999610e+00
5.780000000000001803e-02,2.457575999999999539e+00,2.764772999999999925e+00
5.800000000000002376e-02,2.457575999999999539e+00,2.764772999999999925e+00
5.820000000000000173e-02,2.321043999999999663e+00,2.628240999999999605e+00
5.840000000000000746e-02,2.355176999999999854e+00,2.628240999999999605e+00
5.860000000000001319e-02,2.218644999999999978e+00,2.491708999999999730e+00
5.880000000000001892e-02,2.218644999999999978e+00,2.491708999999999730e+00
5.900000000000002465e-02,2.116245999999999849e+00,2.389309999999999601e+00
5.920000000000000262e-02,2.116245999999999849e+00,2.389309999999999601e+00
5.940000000000000835e-02,2.013846999999999721e+00,2.252777999999999725e+00
5.960000000000001408e-02,2.013846999999999721e+00,2.286910999999999916e+00
5.980000000000001981e-02,1.911447999999999814e+00,2.150378999999999596e+00
6.000000000000002554e-02,1.911447999999999814e+00,2.150378999999999596e+00
6.020000000000000351e-02,1.843181999999999876e+00,2.047979999999999912e+00
6.040000000000000924e-02,1.877314999999999845e+00,2.047979999999999912e+00
6.060000000000001497e-02,1.740782999999999747e+00,1.911447999999999814e+00
6.080000000000002069e-02,1.740782999999999747e+00,1.945580999999999783e+00
6.099999999999999867e-02,1.638383999999999840e+00,1.809048999999999907e+00
6.120000000000000440e-02,1.638383999999999840e+00,1.843181999999999876e+00
6.140000000000001013e-02,1.535984999999999934e+00,1.706649999999999778e+00
6.160000000000001585e-02,1.535984999999999934e+00,1.706649999999999778e+00
6.180000000000002158e-02,1.433585999999999805e+00,1.604250999999999872e+00
6.199999999999999956e-02,1.399452999999999836e+00,1.604250999999999872e+00
6.220000000000000528e-02,1.297053999999999929e+00,1.501851999999999965e+00
6.240000000000001101e-02,1.297053999999999929e+00,1.501851999999999965e+00
6.260000000000001674e-02,1.194654999999999800e+00,1.399452999999999836e+00
6.280000000000002247e-02,1.194654999999999800e+00,1.399452999999999836e+00
6.300000000000000044e-02,1.058122999999999925e+00,1.297053999999999929e+00
6.320000000000000617e-02,1.058122999999999925e+00,1.297053999999999929e+00
6.340000000000001190e-02,9.898569999999998759e-01,1.160521999999999831e+00
6.360000000000001763e-02,9.898569999999998759e-01,1.194654999999999800e+00
6.380000000000002336e-02,9.557239999999999069e-01,1.058122999999999925e+00
6.400000000000000133e-02,9.898569999999998759e-01,1.058122999999999925e+00
6.420000000000000706e-02,9.557239999999999069e-01,9.557239999999999069e-01
6.440000000000001279e-02,9.557239999999999069e-01,9.557239999999999069e-01
6.460000000000001852e-02,8.874579999999998581e-01,8.533249999999998892e-01
6.480000000000002425e-02,8.874579999999998581e-01,8.533249999999998892e-01
6.500000000000000222e-02,7.850589999999999513e-01,7.509259999999999824e-01
6.520000000000000795e-02,7.850589999999999513e-01,7.850589999999999513e-01
6.540000000000001368e-02,6.826599999999999335e-01,6.485269999999999646e-01
6.560000000000001941e-02,6.485269999999999646e-01,6.485269999999999646e-01
6.580000000000002514e-02,5.461279999999999468e-01,5.461279999999999468e-01
6.600000000000000311e-02,5.461279999999999468e-01,5.461279999999999468e-01
6.620000000000000884e-02,4.095959999999999601e-01,4.437289999999999290e-01
6.640000000000001457e-02,4.095959999999999601e-01,4.437289999999999290e-01
6.660000000000002029e-02,3.071969999999999423e-01,3.413299999999999668e-01
6.680000000000002602e-02,3.071969999999999423e-01,3.413299999999999668e-01
6.700000000000000400e-02,2.047979999999999801e-01,2.389309999999999767e-01
6.720000000000000973e-02,2.047979999999999801e-01,2.389309999999999767e-01
6.740000000000001545e-02,1.023989999999999900e-01,1.365319999999999867e-01
6.760000000000002118e-02,1.023989999999999900e-01,1.365319999999999867e-01
6.779999999999999916e-02,6.826599999999999335e-02,3.413299999999999668e-02
6.800000000000000488e-02,6.826599999999999335e-02,3.413299999999999668e-02
6.820000000000001061e-02,3.413299999999999668e-02,-6.826599999999999335e-02
6.840000000000001634e-02,6.826599999999999335e-02,-6.826599999999999335e-02
6.860000000000002207e-02,0.000000000000000000e+00,-1.706649999999999834e-01
6.880000000000000004e-02,0.000000000000000000e+00,-1.706649999999999834e-01
6.900000000000000577e-02,-1.023989999999999900e-01,-2.730639999999999734e-01
6.920000000000001150e-02,-1.023989999999999900e-01,-2.730639999999999734e-01
6.940000000000001723e-02,-2.047979999999999801e-01,-3.754629999999999912e-01
6.960000000000002296e-02,-2.047979999999999801e-01,-3.754629999999999912e-01
6.980000000000000093e-02,-3.071969999999999423e-01,-4.778619999999999535e-01
7.000000000000000666e-02,-3.071969999999999423e-01,-4.778619999999999535e-01
7.020000000000001239e-02,-4.437289999999999290e-01,-5.802609999999999157e-01
7.040000000000001812e-02,-4.437289999999999290e-01,-5.802609999999999157e-01
7.060000000000002385e-02,-5.802609999999999157e-01,-6.826599999999999335e-01
7.080000000000000182e-02,-5.461279999999999468e-01,-6.826599999999999335e-01
7.100000000000000755e-02,-6.826599999999999335e-01,-7.850589999999999513e-01
7.120000000000001328e-02,-6.826599999999999335e-01,-7.850589999999999513e-01
7.140000000000001901e-02,-7.850589999999999513e-01,-8.874579999999998581e-01
7.160000000000002474e-02,-7.850589999999999513e-01,-8.874579999999998581e-01
7.180000000000000271e-02,-8.533249999999998892e-01,-9.898569999999998759e-01
7.200000000000000844e-02,-8.191919999999999202e-01,-9.898569999999998759e-01
7.220000000000001417e-02,-8.533249999999998892e-01,-1.092255999999999894e+00
7.240000000000001990e-02,-8.191919999999999202e-01,-1.092255999999999894e+00
7.260000000000002562e-02,-8.874579999999998581e-01,-1.194654999999999800e+00
7.280000000000000360e-02,-8.874579999999998581e-01,-1.194654999999999800e+00
7.300000000000000933e-02,-9.215909999999999380e-01,-1.297053999999999929e+00
7.320000000000001505e-02,-9.215909999999999380e-01,-1.297053999999999929e+00
7.340000000000002078e-02,-1.023989999999999956e+00,-1.399452999999999836e+00
7.359999999999999876e-02,-1.023989999999999956e+00,-1.399452999999999836e+00
7.380000000000000449e-02,-1.126388999999999863e+00,-1.501851999999999965e+00
7.400000000000001021e-02,-1.126388999999999863e+00,-1.501851999999999965e+00
7.420000000000001594e-02,-1.262920999999999960e+00,-1.604250999999999872e+00
7.440000000000002167e-02,-1.228787999999999769e+00,-1.570117999999999903e+00
7.459999999999999964e-02,-1.365319999999999867e+00,-1.706649999999999778e+00
7.480000000000000537e-02,-1.365319999999999867e+00,-1.706649999999999778e+00
7.500000000000001110e-02,-1.467718999999999774e+00,-1.809048999999999907e+00
7.520000000000001683e-02,-1.467718999999999774e+00,-1.809048999999999907e+00
7.540000000000002256e-02,-1.570117999999999903e+00,-1.877314999999999845e+00
7.560000000000000053e-02,-1.570117999999999903e+00,-1.911447999999999814e+00
7.580000000000000626e-02,-1.638383999999999840e+00,-2.013846999999999721e+00
7.600000000000001199e-02,-1.638383999999999840e+00,-2.013846999999999721e+00
7.620000000000001772e-02,-1.740782999999999747e+00,-2.082112999999999658e+00
7.640000000000002345e-02,-1.740782999999999747e+00,-2.116245999999999849e+00
7.660000000000000142e-02,-1.774915999999999716e+00,-2.218644999999999978e+00
7.680000000000000715e-02,-1.774915999999999716e+00,-2.184511999999999787e+00
7.700000000000001288e-02,-1.877314999999999845e+00,-2.286910999999999916e+00
7.720000000000001861e-02,-1.843181999999999876e+00,-2.286910999999999916e+00
7.740000000000002434e-02,-1.979713999999999752e+00,-2.423442999999999792e+00
7.760000000000000231e-02,-1.979713999999999752e+00,-2.389309999999999601e+00
7.780000000000000804e-02,-2.047979999999999912e+00,-2.491708999999999730e+00
7.800000000000001377e-02,-2.047979999999999912e+00,-2.525841999999999921e+00
7.820000000000001950e-02,-2.150378999999999596e+00,-2.594107999999999858e+00
7.840000000000002522e-02,-2.150378999999999596e+00,-2.594107999999999858e+00
7.860000000000000320e-02,-2.252777999999999725e+00,-2.696506999999999543e+00
7.880000000000000893e-02,-2.252777999999999725e+00,-2.696506999999999543e+00
7.900000000000001465e-02,-2.355176999999999854e+00,-2.798905999999999672e+00
7.920000000000002038e-02,-2.355176999999999854e+00,-2.798905999999999672e+00
7.940000000000002611e-02,-2.423442999999999792e+00,-2.901304999999999801e+00
7.960000000000000409e-02,-2.457575999999999539e+00,-2.901304999999999801e+00
7.980000000000000981e-02,-2.525841999999999921e+00,-3.003703999999999930e+00
8.000000000000001554e-02,-2.594107999999999858e+00,-3.037836999999999676e+00
8.020000000000002127e-02,-2.491708999999999730e+00,-2.935437999999999548e+00
8.039999999999999925e-02,-2.491708999999999730e+00,-2.935437999999999548e+00
8.060000000000000497e-02,-2.355176999999999854e+00,-2.833038999999999863e+00
8.080000000000001070e-02,-2.389309999999999601e+00,-2.833038999999999863e+00
8.100000000000001643e-02,-2.286910999999999916e+00,-2.730639999999999734e+00
8.120000000000002216e-02,-2.252777999999999725e+00,-2.696506999999999543e+00
8.140000000000000013e-02,-2.150378999999999596e+00,-2.594107999999999858e+00
8.160000000000000586e-02,-2.150378999999999596e+00,-2.594107999999999858e+00
8.180000000000001159e-02,-2.047979999999999912e+00,-2.491708999999999730e+00
8.200000000000001732e-02,-2.047979999999999912e+00,-2.491708999999999730e+00
8.220000000000002305e-02,-1.945580999999999783e+00,-2.389309999999999601e+00
8.240000000000000102e-02,-1.945580999999999783e+00,-2.389309999999999601e+00
8.260000000000000675e-02,-1.843181999999999876e+00,-2.252777999999999725e+00
8.280000000000001248e-02,-1.843181999999999876e+00,-2.252777999999999725e+00
8.300000000000001821e-02,-1.740782999999999747e+00,-2.150378999999999596e+00
8.320000000000002394e-02,-1.774915999999999716e+00,-2.150378999999999596e+00
8.340000000000000191e-02,-1.706649999999999778e+00,-2.047979999999999912e+00
8.360000000000000764e-02,-1.706649999999999778e+00,-2.047979999999999912e+00
8.380000000000001337e-02,-1.604250999999999872e+00,-1.945580999999999783e+00
8.400000000000001910e-02,-1.604250999999999872e+00,-1.911447999999999814e+00
8.420000000000002482e-02,-1.467718999999999774e+00,-1.809048999999999907e+00
8.440000000000000280e-02,-1.501851999999999965e+00,-1.843181999999999876e+00
8.460000000000000853e-02,-1.365319999999999867e+00,-1.706649999999999778e+00
8.480000000000001426e-02,-1.365319999999999867e+00,-1.706649999999999778e+00
8.500000000000001998e-02,-1.262920999999999960e+00,-1.604250999999999872e+00
8.520000000000002571e-02,-1.262920999999999960e+00,-1.638383999999999840e+00
8.540000000000000369e-02,-1.160521999999999831e+00,-1.501851999999999965e+00
8.560000000000000941e-02,-1.160521999999999831e+00,-1.501851999999999965e+00
8.580000000000001514e-02,-1.058122999999999925e+00,-1.399452999999999836e+00
8.600000000000002087e-02,-1.058122999999999925e+00,-1.399452999999999836e+00
8.620000000000002660e-02,-9.215909999999999380e-01,-1.297053999999999929e+00
8.640000000000000457e-02,-9.215909999999999380e-01,-1.297053999999999929e+00
8.660000000000001030e-02,-8.533249999999998892e-01,-1.194654999999999800e+00
8.680000000000001603e-02,-8.533249999999998892e-01,-1.194654999999999800e+00
8.700000000000002176e-02,-8.191919999999999202e-01,-1.092255999999999894e+00
8.719999999999999973e-02,-8.533249999999998892e-01,-1.092255999999999894e+00
8.740000000000000546e-02,-8.191919999999999202e-01,-9.898569999999998759e-01
8.760000000000001119e-02,-8.533249999999998892e-01,-9.898569999999998759e-01
8.780000000000001692e-02,-7.850589999999999513e-01,-8.874579999999998581e-01
8.800000000000002265e-02,-7.850589999999999513e-01,-8.874579999999998581e-01
8.820000000000000062e-02,-6.485269999999999646e-01,-7.850589999999999513e-01
8.840000000000000635e-02,-6.826599999999999335e-01,-7.850589999999999513e-01
8.860000000000001208e-02,-5.461279999999999468e-01,-6.826599999999999335e-01
8.880000000000001781e-02,-5.461279999999999468e-01,-6.826599999999999335e-01
8.900000000000002354e-02,-4.437289999999999290e-01,-5.802609999999999157e-01
8.920000000000000151e-02,-4.437289999999999290e-01,-5.802609999999999157e-01
8.940000000000000724e-02,-3.071969999999999423e-01,-4.778619999999999535e-01
8.960000000000001297e-02,-3.071969999999999423e-01,-4.778619999999999535e-01
8.980000000000001870e-02,-2.047979999999999801e-01,-3.754629999999999912e-01
9.000000000000002442e-02,-2.047979999999999801e-01,-3.754629999999999912e-01
9.020000000000000240e-02,-1.023989999999999900e-01,-2.730639999999999734e-01
9.040000000000000813e-02,-1.023989999999999900e-01,-2.730639999999999734e-01
9.060000000000001386e-02,0.000000000000000000e+00,-1.706649999999999834e-01
9.080000000000001958e-02,0.000000000000000000e+00,-1.706649999999999834e-01
9.100000000000002531e-02,6.826599999999999335e-02,-6.826599999999999335e-02
9.120000000000000329e-02,3.413299999999999668e-02,-6.826599999999999335e-02
9.140000000000000902e-02,6.826599999999999335e-02,3.413299999999999668e-02
9.160000000000001474e-02,6.826599999999999335e-02,3.413299999999999668e-02
9.180000000000002047e-02,1.023989999999999900e-01,1.365319999999999867e-01
9.200000000000002620e-02,1.023989999999999900e-01,1.365319999999999867e-01
9.220000000000000417e-02,2.047979999999999801e-01,2.389309999999999767e-01
9.240000000000000990e-02,2.047979999999999801e-01,2.389309999999999767e-01
9.260000000000001563e-02,3.071969999999999423e-01,3.413299999999999668e-01
9.280000000000002136e-02,3.071969999999999423e-01,3.413299999999999668e-01
9.300000000000002709e-02,4.095959999999999601e-01,4.437289999999999290e-01
9.320000000000000506e-02,4.095959999999999601e-01,4.437289999999999290e-01
9.340000000000001079e-02,5.461279999999999468e-01,5.461279999999999468e-01
9.360000000000001652e-02,5.461279999999999468e-01,5.461279999999999468e-01
9.380000000000002225e-02,6.826599999999999335e-01,6.485269999999999646e-01
9.400000000000000022e-02,6.485269999999999646e-01,6.485269999999999646e-01
9.420000000000000595e-02,7.509259999999999824e-01,7.509259999999999824e-01
9.440000000000001168e-02,7.850589999999999513e-01,7.509259999999999824e-01
9.460000000000001741e-02,8.533249999999998892e-01,8.191919999999999202e-01
9.480000000000002314e-02,8.533249999999998892e-01,8.533249999999998892e-01
9.500000000000000111e-02,9.557239999999999069e-01,9.557239999999999069e-01
9.520000000000000684e-02,9.215909999999999380e-01,9.557239999999999069e-01
9.540000000000001257e-02,9.898569999999998759e-01,1.058122999999999925e+00
9.560000000000001830e-02,9.557239999999999069e-01,1.058122999999999925e+00
9.580000000000002403e-02,9.898569999999998759e-01,1.160521999999999831e+00
9.600000000000000200e-02,9.898569999999998759e-01,1.160521999999999831e+00
9.620000000000000773e-02,1.058122999999999925e+00,1.262920999999999960e+00
9.640000000000001346e-02,1.058122999999999925e+00,1.262920999999999960e+00
9.660000000000001918e-02,1.126388999999999863e+00,1.331186999999999898e+00
9.680000000000002491e-02,1.126388999999999863e+00,1.365319999999999867e+00
9.700000000000000289e-02,1.228787999999999769e+00,1.467718999999999774e+00
9.720000000000000862e-02,1.228787999999999769e+00,1.433585999999999805e+00
9.740000000000001434e-02,1.365319999999999867e+00,1.535984999999999934e+00
9.760000000000002007e-02,1.365319999999999867e+00,1.570117999999999903e+00
9.780000000000002580e-02,1.467718999999999774e+00,1.638383999999999840e+00
9.800000000000000377e-02,1.467718999999999774e+00,1.638383999999999840e+00
9.820000000000000950e-02,1.570117999999999903e+00,1.740782999999999747e+00
